{
    "dataVersion": 1,
    "bodyType": 0,
    "skinColor": {
        "r": 1.0,
        "g": 0.7647058963775635,
        "b": 0.6392157077789307,
        "a": 1.0
    },
    "tintColor": {
        "r": 1.0,
        "g": 1.0,
        "b": 1.0,
        "a": 1.0
    },
    "slotData": [
        {
            "category": 0,
            "partName": "Fantasy 05 Male",
            "partPackage": "Fantasy",
            "color1": {
                "r": 0.8308823704719544,
                "g": 0.8308823704719544,
                "b": 0.8308823704719544,
                "a": 1.0
            },
            "color2": {
                "r": 0.5,
                "g": 0.5,
                "b": 0.5,
                "a": 1.0
            },
            "color3": {
                "r": 0.5,
                "g": 0.5,
                "b": 0.5,
                "a": 1.0
            }
        },
        {
            "category": 1,
            "partName": "Fantasy 00",
            "partPackage": "Fantasy",
            "color1": {
                "r": 0.8308823704719544,
                "g": 0.8308823704719544,
                "b": 0.8308823704719544,
                "a": 1.0
            },
            "color2": {
                "r": 0.8308823704719544,
                "g": 0.8308823704719544,
                "b": 0.8308823704719544,
                "a": 1.0
            },
            "color3": {
                "r": 0.8308823704719544,
                "g": 0.8308823704719544,
                "b": 0.8308823704719544,
                "a": 1.0
            }
        },
        {
            "category": 2,
            "partName": "00",
            "partPackage": "Base",
            "color1": {
                "r": 0.5,
                "g": 0.5,
                "b": 0.5,
                "a": 1.0
            },
            "color2": {
                "r": 0.5,
                "g": 0.5,
                "b": 0.5,
                "a": 1.0
            },
            "color3": {
                "r": 0.5,
                "g": 0.5,
                "b": 0.5,
                "a": 1.0
            }
        },
        {
            "category": 3,
            "partName": "00",
            "partPackage": "Base",
            "color1": {
                "r": 0.3019607961177826,
                "g": 0.1921568661928177,
                "b": 0.1921568661928177,
                "a": 1.0
            },
            "color2": {
                "r": 0.3019607961177826,
                "g": 0.1921568661928177,
                "b": 0.1921568661928177,
                "a": 1.0
            },
            "color3": {
                "r": 0.3019607961177826,
                "g": 0.1921568661928177,
                "b": 0.1921568661928177,
                "a": 1.0
            }
        },
        {
            "category": 4,
            "partName": "00",
            "partPackage": "Base",
            "color1": {
                "r": 0.5,
                "g": 0.5,
                "b": 0.5,
                "a": 1.0
            },
            "color2": {
                "r": 0.5,
                "g": 0.5,
                "b": 0.5,
                "a": 1.0
            },
            "color3": {
                "r": 0.5,
                "g": 0.5,
                "b": 0.5,
                "a": 1.0
            }
        },
        {
            "category": 5,
            "partName": "08",
            "partPackage": "Base",
            "color1": {
                "r": 0.3019607961177826,
                "g": 0.1921568661928177,
                "b": 0.1921568661928177,
                "a": 1.0
            },
            "color2": {
                "r": 0.3019607961177826,
                "g": 0.1921568661928177,
                "b": 0.1921568661928177,
                "a": 1.0
            },
            "color3": {
                "r": 0.3019607961177826,
                "g": 0.1921568661928177,
                "b": 0.1921568661928177,
                "a": 1.0
            }
        },
        {
            "category": 6,
            "partName": "",
            "partPackage": "",
            "color1": {
                "r": 0.5,
                "g": 0.5,
                "b": 0.5,
                "a": 1.0
            },
            "color2": {
                "r": 0.5,
                "g": 0.5,
                "b": 0.5,
                "a": 1.0
            },
            "color3": {
                "r": 0.5,
                "g": 0.5,
                "b": 0.5,
                "a": 1.0
            }
        },
        {
            "category": 7,
            "partName": "16",
            "partPackage": "Base",
            "color1": {
                "r": 0.3019607961177826,
                "g": 0.1921568661928177,
                "b": 0.1921568661928177,
                "a": 1.0
            },
            "color2": {
                "r": 0.3019607961177826,
                "g": 0.1921568661928177,
                "b": 0.1921568661928177,
                "a": 1.0
            },
            "color3": {
                "r": 0.3019607961177826,
                "g": 0.1921568661928177,
                "b": 0.1921568661928177,
                "a": 1.0
            }
        },
        {
            "category": 8,
            "partName": "",
            "partPackage": "",
            "color1": {
                "r": 0.6506619453430176,
                "g": 0.7573529481887817,
                "b": 0.5457396507263184,
                "a": 1.0
            },
            "color2": {
                "r": 0.4458621144294739,
                "g": 0.23301343619823457,
                "b": 0.3494081497192383,
                "a": 1.0
            },
            "color3": {
                "r": 0.44982701539993288,
                "g": 0.5098039507865906,
                "b": 0.4501611292362213,
                "a": 1.0
            }
        },
        {
            "category": 9,
            "partName": "00",
            "partPackage": "Base",
            "color1": {
                "r": 1.0,
                "g": 0.7647058963775635,
                "b": 0.6392157077789307,
                "a": 1.0
            },
            "color2": {
                "r": 1.0,
                "g": 0.7647058963775635,
                "b": 0.6392157077789307,
                "a": 1.0
            },
            "color3": {
                "r": 1.0,
                "g": 0.7647058963775635,
                "b": 0.6392157077789307,
                "a": 1.0
            }
        },
        {
            "category": 10,
            "partName": "00",
            "partPackage": "Base",
            "color1": {
                "r": 0.5,
                "g": 0.5,
                "b": 0.5,
                "a": 1.0
            },
            "color2": {
                "r": 0.5,
                "g": 0.5,
                "b": 0.5,
                "a": 1.0
            },
            "color3": {
                "r": 0.5,
                "g": 0.5,
                "b": 0.5,
                "a": 1.0
            }
        },
        {
            "category": 11,
            "partName": "Fantasy 00 Male",
            "partPackage": "Fantasy",
            "color1": {
                "r": 0.8308823704719544,
                "g": 0.8308823704719544,
                "b": 0.8308823704719544,
                "a": 1.0
            },
            "color2": {
                "r": 0.5,
                "g": 0.5,
                "b": 0.5,
                "a": 1.0
            },
            "color3": {
                "r": 0.5,
                "g": 0.5,
                "b": 0.5,
                "a": 1.0
            }
        },
        {
            "category": 12,
            "partName": "",
            "partPackage": "",
            "color1": {
                "r": 1.0,
                "g": 0.6089354753494263,
                "b": 0.21568626165390016,
                "a": 1.0
            },
            "color2": {
                "r": 1.0,
                "g": 0.6089354753494263,