{
    "dataVersion": 1,
    "bodyType": 0,
    "skinColor": {
        "r": 1.0,
        "g": 0.7664300203323364,
        "b": 0.6397058963775635,
        "a": 1.0
    },
    "tintColor": {
        "r": 1.0,
        "g": 1.0,
        "b": 1.0,
        "a": 1.0
    },
    "slotData": [
        {
            "category": 0,
            "partName": "Fantasy 00 Male",
            "partPackage": "Fantasy",
            "color1": {
                "r": 0.1442474126815796,
                "g": 0.1618512123823166,
                "b": 0.21323531866073609,
                "a": 1.0
            },
            "color2": {
                "r": 0.5,
                "g": 0.5,
                "b": 0.5,
                "a": 1.0
            },
            "color3": {
                "r": 0.5,
                "g": 0.5,
                "b": 0.5,
                "a": 1.0
            }
        },
        {
            "category": 1,
            "partName": "Fantasy 02",
            "partPackage": "Fantasy",
            "color1": {
                "r": 0.8088235259056091,
                "g": 0.1534743458032608,
                "b": 0.11299741268157959,
                "a": 1.0
            },
            "color2": {
                "r": 0.1442474126815796,
                "g": 0.1618512123823166,
                "b": 0.21323531866073609,
                "a": 1.0
            },
            "color3": {
                "r": 0.1442474126815796,
                "g": 0.1618512123823166,
                "b": 0.21323531866073609,
                "a": 1.0
            }
        },
        {
            "category": 2,
            "partName": "00",
            "partPackage": "Base",
            "color1": {
                "r": 0.5,
                "g": 0.5,
                "b": 0.5,
                "a": 1.0
            },
            "color2": {
                "r": 0.5,
                "g": 0.5,
                "b": 0.5,
                "a": 1.0
            },
            "color3": {
                "r": 0.5,
                "g": 0.5,
                "b": 0.5,
                "a": 1.0
            }
        },
        {
            "category": 3,
            "partName": "00",
            "partPackage": "Base",
            "color1": {
                "r": 0.3019607961177826,
                "g": 0.1921568661928177,
                "b": 0.1921568661928177,
                "a": 1.0
            },
            "color2": {
                "r": 0.3019607961177826,
                "g": 0.1921568661928177,
                "b": 0.1921568661928177,
                "a": 1.0
            },
            "color3": {
                "r": 0.3019607961177826,
                "g": 0.1921568661928177,
                "b": 0.1921568661928177,
                "a": 1.0
            }
        },
        {
            "category": 4,
            "partName": "00",
            "partPackage": "Base",
            "color1": {
                "r": 0.5,
                "g": 0.5,
                "b": 0.5,
                "a": 1.0
            },
            "color2": {
                "r": 0.5,
                "g": 0.5,
                "b": 0.5,
                "a": 1.0
            },
            "color3": {
                "r": 0.5,
                "g": 0.5,
                "b": 0.5,
                "a": 1.0
            }
        },
        {
            "category": 5,
            "partName": "",
            "partPackage": "",
            "color1": {
                "r": 0.1367863118648529,
                "g": 0.41950520873069765,
                "b": 0.8088235259056091,
                "a": 1.0
            },
            "color2": {
                "r": 0.1367863118648529,
                "g": 0.41950520873069765,
                "b": 0.8088235259056091,
                "a": 1.0
            },
            "color3": {
                "r": 0.1367863118648529,
                "g": 0.41950520873069765,
                "b": 0.8088235259056091,
                "a": 1.0
            }
        },
        {
            "category": 6,
            "partName": "Fantasy 07",
            "partPackage": "Fantasy",
            "color1": {
                "r": 0.1442474126815796,
                "g": 0.1618512123823166,
                "b": 0.21323531866073609,
                "a": 1.0
            },
            "color2": {
                "r": 0.8088235259056091,
                "g": 0.1534743458032608,
                "b": 0.11299741268157959,
                "a": 1.0
            },
            "color3": {
                "r": 0.1442474126815796,
                "g": 0.1618512123823166,
                "b": 0.21323531866073609,
                "a": 1.0
            }
        },
        {
            "category": 7,
            "partName": "11",
            "partPackage": "Base",
            "color1": {
                "r": 0.1442474126815796,
                "g": 0.1618512123823166,
                "b": 0.21323531866073609,
                "a": 1.0
            },
            "color2": {
                "r": 0.1442474126815796,
                "g": 0.1618512123823166,
                "b": 0.21323531866073609,
                "a": 1.0
            },
            "color3": {
                "r": 0.1442474126815796,
                "g": 0.1618512123823166,
                "b": 0.21323531866073609,
                "a": 1.0
            }
        },
        {
            "category": 8,
            "partName": "",
            "partPackage": "",
            "color1": {
                "r": 0.5,
                "g": 0.5,
                "b": 0.5,
                "a": 1.0
            },
            "color2": {
                "r": 0.5,
                "g": 0.5,
                "b": 0.5,
                "a": 1.0
            },
            "color3": {
                "r": 0.5,
                "g": 0.5,
                "b": 0.5,
                "a": 1.0
            }
        },
        {
            "category": 9,
            "partName": "00",
            "partPackage": "Base",
            "color1": {
                "r": 0.970588207244873,
                "g": 0.7293193340301514,
                "b": 0.6423010230064392,
                "a": 1.0
            },
            "color2": {
                "r": 0.970588207244873,
                "g": 0.7293193340301514,
                "b": 0.6423010230064392,
                "a": 1.0
            },
            "color3": {
                "r": 0.970588207244873,
                "g": 0.7293193340301514,
                "b": 0.6423010230064392,
                "a": 1.0
            }
        },
        {
            "category": 10,
            "partName": "06",
            "partPackage": "Base",
            "color1": {
                "r": 0.5,
                "g": 0.5,
                "b": 0.5,
                "a": 1.0
            },
            "color2": {
                "r": 0.5,
                "g": 0.5,
                "b": 0.5,
                "a": 1.0
            },
            "color3": {
                "r": 0.5,
                "g": 0.5,
                "b": 0.5,
                "a": 1.0
            }
        },
        {
            "category": 11,
            "partName": "Fantasy 00 Male",
            "partPackage": "Fantasy",
            "color1": {
                "r": 0.1442474126815796,
                "g": 0.1618512123823166,
                "b": 0.21323531866073609,
                "a": 1.0
            },
            "color2": {
                "r": 0.5,
                "g": 0.5,
                "b": 0.5,
                "a": 1.0
            },
            "color3": {
                "r": 0.5,
                "g": 0.5,
                "b": 0.5,
                "a": 1.0
            }
        },
        {
            "category": 12,
            "partName": "",
            "partPackage": "",
            "color1": {
                "r": 0.5,
                "g": 0.5,
                "b": 0.5,
                "a": 1.0
            },
            "color2": {
                "r": 0.5,