{
    "dataVersion": 1,
    "bodyType": 1,
    "skinColor": {
        "r": 0.15441179275512696,
        "g": 0.10451766848564148,
        "b": 0.09310122579336167,
        "a": 1.0
    },
    "tintColor": {
        "r": 1.0,
        "g": 1.0,
        "b": 1.0,
        "a": 1.0
    },
    "slotData": [
        {
            "category": 0,
            "partName": "Fantasy 06 Female",
            "partPackage": "Fantasy",
            "color1": {
                "r": 0.24221454560756684,
                "g": 0.2742399573326111,
                "b": 0.27450981736183169,
                "a": 1.0
            },
            "color2": {
                "r": 0.905329167842865,
                "g": 0.7208160758018494,
                "b": 0.052596911787986758,
                "a": 1.0
            },
            "color3": {
                "r": 0.1475994735956192,
                "g": 0.18093711137771607,
                "b": 0.2867646813392639,
                "a": 1.0
            }
        },
        {
            "category": 1,
            "partName": "Fantasy Set 01",
            "partPackage": "Fantasy",
            "color1": {
                "r": 0.44982701539993288,
                "g": 0.5093027949333191,
                "b": 0.5098039507865906,
                "a": 1.0
            },
            "color2": {
                "r": 0.5244377255439758,
                "g": 0.7352941036224365,
                "b": 0.5256124138832092,
                "a": 1.0
            },
            "color3": {
                "r": 0.905329167842865,
                "g": 0.7208160758018494,
                "b": 0.052596911787986758,
                "a": 1.0
            }
        },
        {
            "category": 2,
            "partName": "00",
            "partPackage": "Base",
            "color1": {
                "r": 0.5,
                "g": 0.5,
                "b": 0.5,
                "a": 1.0
            },
            "color2": {
                "r": 0.5,
                "g": 0.5,
                "b": 0.5,
                "a": 1.0
            },
            "color3": {
                "r": 0.5,
                "g": 0.5,
                "b": 0.5,
                "a": 1.0
            }
        },
        {
            "category": 3,
            "partName": "08",
            "partPackage": "Base",
            "color1": {
                "r": 0.19669626653194428,
                "g": 0.27924224734306338,
                "b": 0.1600348949432373,
                "a": 1.0
            },
            "color2": {
                "r": 0.19669626653194428,
                "g": 0.27924224734306338,
                "b": 0.1600348949432373,
                "a": 1.0
            },
            "color3": {
                "r": 0.19669626653194428,
                "g": 0.27924224734306338,
                "b": 0.1600348949432373,
                "a": 1.0
            }
        },
        {
            "category": 4,
            "partName": "00",
            "partPackage": "Base",
            "color1": {
                "r": 0.20588237047195435,
                "g": 0.20588237047195435,
                "b": 0.20588237047195435,
                "a": 1.0
            },
            "color2": {
                "r": 0.20588237047195435,
                "g": 0.20588237047195435,
                "b": 0.20588237047195435,
                "a": 1.0
            },
            "color3": {
                "r": 0.20588237047195435,
                "g": 0.20588237047195435,
                "b": 0.20588237047195435,
                "a": 1.0
            }
        },
        {
            "category": 5,
            "partName": "",
            "partPackage": "",
            "color1": {
                "r": 0.19669626653194428,
                "g": 0.27924224734306338,
                "b": 0.1600348949432373,
                "a": 1.0
            },
            "color2": {
                "r": 0.19669626653194428,
                "g": 0.27924224734306338,
                "b": 0.1600348949432373,
                "a": 1.0
            },
            "color3": {
                "r": 0.19669626653194428,
                "g": 0.27924224734306338,
                "b": 0.1600348949432373,
                "a": 1.0
            }
        },
        {
            "category": 6,
            "partName": "Fantasy 08",
            "partPackage": "Fantasy",
            "color1": {
                "r": 0.17301037907600404,
                "g": 0.19588567316532136,
                "b": 0.19607843458652497,
                "a": 1.0
            },
            "color2": {
                "r": 0.905329167842865,
                "g": 0.7208160758018494,
                "b": 0.052596911787986758,
                "a": 1.0
            },
            "color3": {
                "r": 0.905329167842865,
                "g": 0.7208160758018494,
                "b": 0.052596911787986758,
                "a": 1.0
            }
        },
        {
            "category": 7,
            "partName": "23",
            "partPackage": "Base",
            "color1": {
                "r": 0.19669626653194428,
                "g": 0.27924224734306338,
                "b": 0.1600348949432373,
                "a": 1.0
            },
            "color2": {
                "r": 0.19669626653194428,
                "g": 0.27924224734306338,
                "b": 0.1600348949432373,
                "a": 1.0
            },
            "color3": {
                "r": 0.19669626653194428,
                "g": 0.27924224734306338,
                "b": 0.1600348949432373,
                "a": 1.0
            }
        },
        {
            "category": 8,
            "partName": "Fantasy 18",
            "partPackage": "Fantasy",
            "color1": {
                "r": 0.1475994735956192,
                "g": 0.18093711137771607,
                "b": 0.2867646813392639,
                "a": 1.0
            },
            "color2": {
                "r": 0.44982701539993288,
                "g": 0.5093027949333191,
                "b": 0.5098039507865906,
                "a": 1.0
            },
            "color3": {
                "r": 0.17301037907600404,
                "g": 0.19588567316532136,
                "b": 0.19607843458652497,
                "a": 1.0
            }
        },
        {
            "category": 9,
            "partName": "06",
            "partPackage": "Emote",
            "color1": {
                "r": 0.8927335739135742,
                "g": 0.9411764740943909,
                "b": 0.8930034637451172,
                "a": 1.0
            },
            "color2": {
                "r": 0.8927335739135742,
                "g": 0.9411764740943909,
                "b": 0.8930034637451172,
                "a": 1.0
            },
            "color3": {
                "r": 0.8927335739135742,
                "g": 0.9411764740943909,
                "b": 0.8930034637451172,
                "a": 1.0
            }
        },
        {
            "category": 10,
            "partName": "07",
            "partPackage": "Base",
            "color1": {
                "r": 0.5,
                "g": 0.5,
                "b": 0.5,
                "a": 1.0
            },
            "color2": {
                "r": 0.5,
                "g": 0.5,
                "b": 0.5,
                "a": 1.0
            },
            "color3": {
                "r": 0.5,
                "g": 0.5,
                "b": 0.5,
                "a": 1.0
            }
        },
        {
            "category": 11,
            "partName": "Fantasy 03 Female",
            "partPackage": "Fantasy",
            "color1": {
                "r": 0.19607843458652497,
                "g": 0.17301037907600404,
                "b": 0.17301037907600404,
                "a": 1.0
            },
            "color2": {
                "r": 0.1475994735956192,
                "g": 0.18093711137771607,
                "b": 0.2867646813392639,